1	rs7528202	1_247470187_A_G	247470187	A	G
1	rs4925618	1_247470703_A_G	247470703	G	A
1	rs4925619	1_247470836_A_G	247470836	G	A
1	rs12023326	1_247471121_C_T	247471121	C	T
1	rs9426182	1_247471561_C_T	247471561	T	C
1	rs61838683	1_247472114_A_G	247472114	A	G
1	rs1771948	1_247472200_A_T	247472200	A	T
1	rs12034916	1_247472575_C_T	247472575	T	C
1	rs12034919	1_247472605_C_T	247472605	T	C
1	rs72771938	1_247472664_A_G	247472664	G	A
1	rs61838684	1_247473889_C_T	247473889	T	C
1	rs56322048	1_247474249_A_G	247474249	A	G
1	rs12030577	1_247474712_A_C	247474712	A	C
1	rs11581163	1_247475532_A_G	247475532	G	A
1	rs12061863	1_247476021_A_G	247476021	A	G
1	rs1778549	1_247476616_A_G	247476616	A	G
1	rs150603442	1_247476745_C_T	247476745	C	T
1	rs12048553	1_247477068_A_G	247477068	A	G
1	rs116522077	1_247477237_A_G	247477237	A	G
1	rs10732300	1_247477760_A_T	247477760	A	T
1	rs12035515	1_247478286_C_T	247478286	T	C
1	rs11578583	1_247479335_A_T	247479335	T	A
1	rs190776405	1_247479473_C_T	247479473	C	T
1	rs7552292	1_247480880_C_G	247480880	C	G
1	rs75816915	1_247481214_A_G	247481214	A	G
1	rs4320815	1_247481269_A_G	247481269	G	A
1	rs115188679	1_247481530_C_T	247481530	T	C
1	rs4501868	1_247481583_A_T	247481583	A	T
1	rs140145097	1_247482430_A_C	247482430	A	C
1	rs4925532	1_247482434_C_T	247482434	C	T
1	rs182189740	1_247482534_C_T	247482534	T	C
1	rs76707053	1_247482949_A_G	247482949	A	G
1	rs61838687	1_247483159_A_G	247483159	A	G
1	rs140797967	1_247483417_A_C	247483417	A	C
1	rs56366903	1_247483520_A_T	247483520	T	A
1	rs4925533	1_247484025_A_C	247484025	C	A
1	rs4925534	1_247484065_A_G	247484065	A	G
1	rs12027522	1_247484355_A_G	247484355	A	G
1	rs10754542	1_247484456_A_C	247484456	A	C
1	rs11579352	1_247484478_A_G	247484478	A	G
1	rs10924983	1_247484614_A_C	247484614	A	C
1	rs10754543	1_247484678_A_G	247484678	A	G
1	rs10754544	1_247484791_A_G	247484791	A	G
1	rs56124448	1_247484918_A_G	247484918	A	G
1	rs12035371	1_247485109_A_G	247485109	G	A
1	rs61838689	1_247485117_C_T	247485117	C	T
1	rs10924984	1_247485932_A_G	247485932	A	G
1	rs41268345	1_247486213_A_G	247486213	A	G
1	rs6692645	1_247486421_C_G	247486421	G	C
1	rs61747077	1_247486528_C_T	247486528	T	C
1	rs7540329	1_247486678_C_T	247486678	C	T
1	rs6426239	1_247486736_C_T	247486736	T	C
1	rs10924985	1_247487085_A_G	247487085	A	G
1	rs7418221	1_247487629_C_G	247487629	C	G
1	rs140906617	1_247488506_C_T	247488506	T	C
1	rs78594750	1_247488738_C_T	247488738	T	C
1	rs10754545	1_247488745_A_G	247488745	G	A
1	rs114278883	1_247489331_C_T	247489331	C	T
1	rs192991359	1_247489449_C_T	247489449	C	T
1	rs12564303	1_247489453_A_T	247489453	A	T
1	rs112265467	1_247489571_G_T	247489571	T	G
1	rs75022983	1_247489638_A_G	247489638	G	A
1	rs6657577	1_247490307_A_G	247490307	G	A
1	rs6697861	1_247490399_C_T	247490399	C	T
1	rs115741372	1_247490409_C_T	247490409	T	C
1	rs6690864	1_247490707_A_G	247490707	A	G
1	rs4925535	1_247491277_A_G	247491277	G	A
1	rs6674425	1_247493031_C_G	247493031	G	C
1	rs4925620	1_247494123_A_C	247494123	A	C
1	rs4925621	1_247494162_A_G	247494162	A	G
1	rs61838690	1_247494350_G_T	247494350	G	T
1	rs10924988	1_247494408_C_T	247494408	C	T
1	rs113566032	1_247495385_C_T	247495385	C	T
1	rs141676081	1_247495390_C_T	247495390	T	C
1	rs56322743	1_247496080_A_T	247496080	A	T
1	rs947174	1_247497219_C_T	247497219	C	T
1	rs1891074	1_247497527_A_G	247497527	G	A
1	rs77289379	1_247497864_A_G	247497864	A	G
1	rs6669714	1_247498567_A_G	247498567	G	A
1	rs72771947	1_247499567_A_C	247499567	A	C
1	rs74578280	1_247500167_C_T	247500167	C	T
1	rs56335231	1_247500399_C_T	247500399	T	C
1	rs10924989	1_247500650_A_G	247500650	A	G
1	rs138457906	1_247500887_C_T	247500887	C	T
1	rs115569988	1_247501004_A_G	247501004	G	A
1	rs56740645	1_247501429_A_G	247501429	A	G
1	rs12047860	1_247501489_C_T	247501489	T	C
1	rs75989520	1_247502031_A_G	247502031	G	A
1	rs60631274	1_247503161_G_T	247503161	G	T
1	rs10737800	1_247503507_A_G	247503507	A	G
1	rs7556185	1_247504922_A_G	247504922	G	A
1	rs4925623	1_247506845_C_G	247506845	G	C
1	rs60859377	1_247507598_C_G	247507598	G	C
1	rs138021330	1_247507706_C_T	247507706	T	C
1	rs76688691	1_247507798_C_T	247507798	T	C
1	rs11585647	1_247507887_C_T	247507887	T	C
1	rs10924990	1_247507908_C_T	247507908	T	C
1	rs78917845	1_247507979_C_G	247507979	C	G
1	rs55636603	1_247508150_G_T	247508150	G	T
1	rs10924991	1_247508190_A_G	247508190	A	G
1	rs4925536	1_247508452_A_G	247508452	G	A
1	rs12565595	1_247508577_A_G	247508577	A	G
1	rs4925537	1_247509095_C_T	247509095	T	C
1	rs4925624	1_247509138_C_T	247509138	T	C
1	rs12022404	1_247509402_C_G	247509402	G	C
1	rs73134241	1_247509417_C_T	247509417	C	T
1	rs12037490	1_247509951_G_T	247509951	T	G
1	rs2386535	1_247509967_C_T	247509967	T	C
1	rs2386536	1_247509976_C_T	247509976	T	C
1	rs55863520	1_247510069_A_T	247510069	T	A
1	rs116442183	1_247510937_C_T	247510937	C	T
1	rs4925626	1_247511781_A_G	247511781	G	A
1	rs28450758	1_247512163_A_C	247512163	A	C
1	rs28701979	1_247512389_A_G	247512389	A	G
1	rs74154615	1_247512718_C_T	247512718	C	T
1	rs12563034	1_247512937_C_G	247512937	G	C
1	rs6702432	1_247513049_A_G	247513049	A	G
1	rs79336997	1_247513138_A_T	247513138	T	A
1	rs60484818	1_247513817_C_G	247513817	G	C
1	rs6696805	1_247515129_C_T	247515129	T	C
1	rs4925538	1_247515453_C_G	247515453	G	C
1	rs2000126	1_247515885_A_C	247515885	A	C
1	rs10924995	1_247516135_A_G	247516135	A	G
1	rs4925627	1_247516627_A_G	247516627	G	A
1	rs2153630	1_247516964_A_G	247516964	G	A
1	rs10924996	1_247517019_C_T	247517019	T	C
1	rs10924997	1_247517052_A_G	247517052	A	G
1	rs55781027	1_247517268_A_G	247517268	A	G
1	rs11810887	1_247517689_A_G	247517689	G	A
1	rs60716525	1_247518659_G_T	247518659	T	G
1	rs144805620	1_247519270_G_T	247519270	T	G
1	rs77554721	1_247519422_C_T	247519422	T	C
1	rs4925539	1_247519614_C_T	247519614	T	C
1	rs114326847	1_247519775_A_G	247519775	G	A
1	rs2000127	1_247519784_A_G	247519784	A	G
1	rs7531939	1_247519949_A_G	247519949	A	G
1	rs12563500	1_247519960_C_G	247519960	G	C
1	rs7534448	1_247520036_C_T	247520036	T	C
1	rs7542227	1_247520046_C_G	247520046	G	C
1	rs34437716	1_247520226_G_T	247520226	G	T
1	rs77592583	1_247520810_G_T	247520810	T	G
1	rs12068567	1_247521607_C_G	247521607	G	C
1	rs2007587	1_247521847_C_T	247521847	C	T
1	rs7555211	1_247522350_C_T	247522350	T	C
1	rs61838712	1_247522682_C_T	247522682	T	C
1	rs74657704	1_247523056_C_T	247523056	T	C
1	rs7535265	1_247523330_A_G	247523330	G	A
1	rs146585761	1_247523368_G_T	247523368	G	T
1	rs6426240	1_247523487_A_G	247523487	A	G
1	rs7529750	1_247523502_G_T	247523502	T	G
1	rs78143771	1_247523778_C_T	247523778	T	C
1	rs74154617	1_247523784_C_G	247523784	G	C
1	rs76095325	1_247524219_A_T	247524219	A	T
1	rs73134264	1_247524300_C_T	247524300	T	C
1	rs947178	1_247524439_G_T	247524439	G	T
1	rs183978311	1_247524542_G_T	247524542	G	T
1	rs73134270	1_247524942_C_T	247524942	T	C
1	rs1954187	1_247524963_A_G	247524963	G	A
1	rs61473742	1_247525234_A_G	247525234	A	G
1	rs58315987	1_247525457_C_G	247525457	G	C
1	rs58395190	1_247525530_A_G	247525530	G	A
1	rs61217817	1_247525594_A_G	247525594	G	A
1	rs59492758	1_247525606_A_G	247525606	A	G
1	rs76357408	1_247525806_C_T	247525806	C	T
1	rs7534204	1_247525934_A_G	247525934	A	G
1	rs7534205	1_247525936_A_G	247525936	A	G
1	rs145188774	1_247526101_A_G	247526101	A	G
1	rs7544524	1_247526133_A_G	247526133	G	A
1	rs6683384	1_247526623_A_T	247526623	T	A
1	rs112315074	1_247526826_C_T	247526826	T	C
1	rs6671022	1_247526882_C_T	247526882	T	C
1	rs114276562	1_247527143_A_G	247527143	A	G
1	rs6671321	1_247527168_C_T	247527168	C	T
1	rs12058942	1_247527273_A_C	247527273	C	A
1	rs114584644	1_247527322_A_G	247527322	A	G
1	rs6686689	1_247527480_A_G	247527480	A	G
1	rs190106170	1_247527483_A_G	247527483	A	G
1	rs149238383	1_247527488_A_G	247527488	G	A
1	rs6689311	1_247527555_C_T	247527555	T	C
1	rs12564017	1_247527567_C_T	247527567	T	C
1	rs77533301	1_247528428_A_G	247528428	G	A
1	rs12044891	1_247528447_A_G	247528447	A	G
1	rs115838791	1_247528493_C_T	247528493	T	C
1	rs151053614	1_247528496_C_T	247528496	C	T
1	rs140947475	1_247528528_G_T	247528528	T	G
1	rs114279407	1_247528566_A_C	247528566	A	C
1	rs56277829	1_247528731_C_T	247528731	C	T
1	rs138258497	1_247528734_A_G	247528734	A	G
1	rs113115401	1_247528771_A_G	247528771	G	A
1	rs143091589	1_247528938_A_G	247528938	A	G
1	rs56192195	1_247529017_C_T	247529017	T	C
1	rs148208665	1_247529079_A_G	247529079	A	G
1	rs75483631	1_247529435_A_G	247529435	G	A
1	rs111434708	1_247529625_C_T	247529625	T	C
1	rs10737801	1_247530238_A_T	247530238	A	T
1	rs144488743	1_247530251_A_G	247530251	A	G
1	rs141047265	1_247530401_A_G	247530401	A	G
1	rs112484908	1_247530603_A_G	247530603	G	A
1	rs114614692	1_247530721_C_T	247530721	T	C
1	rs76480416	1_247531037_A_G	247531037	A	G
1	rs74700587	1_247531086_C_T	247531086	C	T
1	rs75129533	1_247531139_A_G	247531139	A	G
1	rs115193501	1_247531322_A_G	247531322	G	A
1	rs6669713	1_247531508_C_G	247531508	G	C
1	rs148260633	1_247531866_A_G	247531866	G	A
1	rs80016751	1_247531929_A_G	247531929	G	A
1	rs141263471	1_247531968_C_T	247531968	T	C
1	rs115261285	1_247532011_C_T	247532011	T	C
1	rs10924999	1_247532171_C_T	247532171	T	C
1	rs114116177	1_247532311_A_G	247532311	A	G
1	rs60656275	1_247532384_A_G	247532384	A	G
1	rs56795847	1_247532518_A_G	247532518	G	A
1	rs77064322	1_247533005_A_G	247533005	A	G
1	rs111272969	1_247533098_A_G	247533098	A	G
1	rs59808993	1_247533491_A_C	247533491	C	A
1	rs138670210	1_247533536_C_T	247533536	T	C
1	rs149322373	1_247533577_C_T	247533577	T	C
1	rs11578718	1_247534295_C_T	247534295	C	T
1	rs11806247	1_247534300_C_T	247534300	C	T
1	rs11803031	1_247534328_A_G	247534328	A	G
1	rs142838516	1_247534592_A_G	247534592	A	G
1	rs1539018	1_247534957_A_G	247534957	G	A
1	rs10399826	1_247535535_A_G	247535535	G	A
1	rs143050734	1_247535926_C_T	247535926	T	C
1	rs10399854	1_247536030_A_G	247536030	G	A
1	rs10399672	1_247536083_C_T	247536083	C	T
1	rs6658921	1_247536127_G_T	247536127	G	T
1	rs12082329	1_247536135_C_G	247536135	G	C
1	rs6426243	1_247536222_A_G	247536222	A	G
1	rs61838717	1_247536686_A_G	247536686	G	A
1	rs111400028	1_247536768_G_T	247536768	G	T
1	rs112577845	1_247536963_G_T	247536963	G	T
1	rs186654493	1_247536980_A_G	247536980	G	A
1	rs10925000	1_247537126_A_G	247537126	A	G
1	rs12043526	1_247537146_G_T	247537146	T	G
1	rs4925636	1_247537171_C_T	247537171	C	T
1	rs140603747	1_247537245_C_T	247537245	C	T
1	rs10802486	1_247537688_G_T	247537688	G	T
1	rs76356095	1_247537940_A_G	247537940	G	A
1	rs10802487	1_247538032_A_G	247538032	G	A
1	rs72771953	1_247538618_A_C	247538618	A	C
1	rs12031433	1_247538686_C_T	247538686	T	C
1	rs12031464	1_247538751_C_T	247538751	C	T
1	rs116413990	1_247539225_A_G	247539225	A	G
1	rs72771954	1_247539505_C_T	247539505	T	C
1	rs10925001	1_247540218_C_T	247540218	C	T
1	rs10925002	1_247540313_A_G	247540313	G	A
1	rs4925637	1_247540679_G_T	247540679	T	G
1	rs12130139	1_247542052_C_T	247542052	T	C
1	rs12755317	1_247542399_C_T	247542399	T	C
1	rs112982681	1_247542629_C_T	247542629	T	C
1	rs10802489	1_247542726_C_T	247542726	T	C
1	rs10802490	1_247542777_A_G	247542777	A	G
1	rs11812004	1_247542780_A_G	247542780	A	G
1	rs11805600	1_247542823_A_C	247542823	A	C
1	rs11802371	1_247542838_A_G	247542838	G	A
1	rs11591132	1_247542921_A_G	247542921	A	G
1	rs10754546	1_247543025_A_G	247543025	G	A
1	rs10754547	1_247543046_C_T	247543046	T	C
1	rs10754548	1_247543082_A_G	247543082	A	G
1	rs72771958	1_247543094_C_T	247543094	T	C
1	rs10754549	1_247543143_A_C	247543143	A	C
1	rs10754550	1_247543227_C_T	247543227	C	T
1	rs114105547	1_247543315_C_T	247543315	T	C
1	rs10754551	1_247543526_A_T	247543526	T	A
1	rs10754552	1_247543557_C_T	247543557	C	T
1	rs10754553	1_247543688_A_G	247543688	G	A
1	rs10754554	1_247543698_A_G	247543698	G	A
1	rs7545930	1_247543818_A_C	247543818	C	A
1	rs7523213	1_247544185_C_G	247544185	G	C
1	rs7523290	1_247544253_G_T	247544253	G	T
1	rs7515440	1_247544360_C_T	247544360	T	C
1	rs10925003	1_247544551_A_T	247544551	A	T
1	rs4925638	1_247544594_A_G	247544594	G	A
1	rs12124923	1_247544604_A_G	247544604	G	A
1	rs4925639	1_247544767_A_G	247544767	A	G
1	rs4925640	1_247544800_C_T	247544800	T	C
1	rs79671638	1_247544816_C_T	247544816	C	T
1	rs59215952	1_247544873_C_T	247544873	T	C
1	rs4925641	1_247545013_A_G	247545013	G	A
1	rs55984622	1_247545182_A_G	247545182	G	A
1	rs10737802	1_247545294_C_T	247545294	C	T
1	rs12118521	1_247545309_A_G	247545309	A	G
1	rs12118552	1_247545360_A_G	247545360	A	G
1	rs10737803	1_247545374_C_G	247545374	C	G
1	rs113497793	1_247545939_A_G	247545939	A	G
1	rs12123316	1_247545962_G_T	247545962	T	G
1	rs10925004	1_247546079_A_G	247546079	A	G
1	rs12738085	1_247546086_C_T	247546086	T	C
1	rs12737945	1_247546124_A_C	247546124	C	A
1	rs12119521	1_247546150_A_G	247546150	A	G
1	rs7552718	1_247546333_C_G	247546333	C	G
1	rs7529640	1_247546345_A_G	247546345	A	G
1	rs72771959	1_247546361_A_G	247546361	A	G
1	rs2105289	1_247546695_A_G	247546695	A	G
1	rs7555806	1_247547071_C_T	247547071	T	C
1	rs147287282	1_247547073_C_T	247547073	T	C
1	rs12753437	1_247547281_A_T	247547281	T	A
1	rs2386544	1_247547302_C_T	247547302	T	C
1	rs2386545	1_247547304_C_G	247547304	G	C
1	rs2386546	1_247547312_C_T	247547312	T	C
1	rs7555997	1_247547334_A_C	247547334	A	C
1	rs2386547	1_247547458_C_T	247547458	T	C
1	rs2386548	1_247547610_C_T	247547610	T	C
1	rs2096070	1_247547734_A_C	247547734	A	C
1	rs2105290	1_247547759_C_G	247547759	G	C
1	rs9970991	1_247547795_A_G	247547795	A	G
1	rs78531602	1_247548128_A_G	247548128	A	G
1	rs10925005	1_247549115_A_C	247549115	C	A
1	rs12120947	1_247549220_C_T	247549220	C	T
1	rs12121819	1_247549648_C_T	247549648	C	T
1	rs55816244	1_247550291_C_T	247550291	C	T
1	rs7542425	1_247550331_A_G	247550331	A	G
1	rs4925541	1_247550820_C_T	247550820	T	C
1	rs10802491	1_247551714_A_G	247551714	G	A
1	rs10802492	1_247551719_A_C	247551719	C	A
1	rs10925006	1_247552084_C_T	247552084	C	T
1	rs58903722	1_247552196_A_G	247552196	A	G
1	rs6426244	1_247552549_C_T	247552549	C	T
1	rs6426245	1_247552822_C_G	247552822	G	C
1	rs9651010	1_247552838_C_T	247552838	T	C
1	rs111893677	1_247552897_A_C	247552897	C	A
1	rs78873558	1_247553547_C_T	247553547	T	C
1	rs79796976	1_247553979_A_G	247553979	G	A
1	rs10802493	1_247554039_C_T	247554039	T	C
1	rs72771965	1_247554193_C_T	247554193	T	C
1	rs10925007	1_247554254_A_C	247554254	A	C
1	rs72771966	1_247554403_C_T	247554403	T	C
1	rs56285508	1_247554488_G_T	247554488	T	G
1	rs115704619	1_247554655_A_C	247554655	A	C
1	rs2386549	1_247554732_C_G	247554732	G	C
1	rs2386550	1_247554851_C_G	247554851	C	G
1	rs2386551	1_247554949_G_T	247554949	T	G
1	rs114193294	1_247555079_A_G	247555079	G	A
1	rs4925542	1_247556117_A_G	247556117	A	G
1	rs3956015	1_247556740_C_T	247556740	T	C
1	rs12760705	1_247557110_A_T	247557110	A	T
1	rs6689545	1_247557936_C_T	247557936	C	T
1	rs6690036	1_247558635_A_T	247558635	T	A
1	rs5024217	1_247558748_A_G	247558748	G	A
1	rs6677826	1_247558787_C_T	247558787	T	C
1	rs4600080	1_247558869_C_T	247558869	T	C
1	rs10802494	1_247559156_C_T	247559156	T	C
1	rs12122076	1_247559367_G_T	247559367	T	G
1	rs6693361	1_247559471_A_G	247559471	G	A
1	rs6693459	1_247559549_A_G	247559549	A	G
1	rs112006855	1_247559553_A_G	247559553	A	G
1	rs56268106	1_247559653_A_G	247559653	A	G
1	rs116654635	1_247559791_A_G	247559791	G	A
1	rs6656177	1_247559858_A_G	247559858	G	A
1	rs12756864	1_247560217_C_T	247560217	T	C
1	rs4925645	1_247560318_C_G	247560318	C	G
1	rs141461047	1_247560379_C_T	247560379	T	C
1	rs112981014	1_247560473_A_G	247560473	G	A
1	rs116348334	1_247560480_C_T	247560480	T	C
1	rs4925646	1_247560522_A_G	247560522	G	A
1	rs12127158	1_247560587_C_T	247560587	C	T
1	rs10802495	1_247560979_A_C	247560979	A	C
1	rs10925008	1_247561153_A_G	247561153	G	A
1	rs12124184	1_247561265_A_G	247561265	A	G
1	rs72771972	1_247561515_C_T	247561515	C	T
1	rs10925009	1_247561708_A_C	247561708	C	A
1	rs10925010	1_247561724_A_G	247561724	A	G
1	rs6685028	1_247561786_A_T	247561786	A	T
1	rs6693541	1_247561942_G_T	247561942	T	G
1	rs12129069	1_247561958_C_T	247561958	C	T
1	rs73136242	1_247562209_C_T	247562209	T	C
1	rs6685474	1_247562232_G_T	247562232	G	T
1	rs6685576	1_247562469_A_G	247562469	A	G
1	rs72771974	1_247562585_C_T	247562585	C	T
1	rs76501037	1_247562634_C_T	247562634	T	C
1	rs75184421	1_247562823_A_G	247562823	G	A
1	rs72771975	1_247562892_C_T	247562892	C	T
1	rs139320324	1_247563391_C_T	247563391	T	C
1	rs10737804	1_247563681_A_C	247563681	C	A
1	rs35268627	1_247563890_C_T	247563890	C	T
1	rs4317844	1_247564856_C_T	247564856	C	T
1	rs4508048	1_247565953_A_G	247565953	G	A
1	rs55715198	1_247566140_A_G	247566140	A	G
1	rs114073263	1_247566416_C_G	247566416	G	C
1	rs112419127	1_247566471_A_G	247566471	A	G
1	rs68091522	1_247566818_A_G	247566818	A	G
1	rs10399895	1_247566875_C_T	247566875	T	C
1	rs117035918	1_247567063_G_T	247567063	T	G
1	rs71642408	1_247567273_C_T	247567273	T	C
1	rs55876666	1_247567930_C_T	247567930	T	C
1	rs12133212	1_247567932_A_G	247567932	G	A
1	rs77762586	1_247567980_A_G	247567980	G	A
1	rs10737805	1_247568051_A_G	247568051	A	G
1	rs10737806	1_247568158_C_T	247568158	T	C
1	rs10925011	1_247568302_A_G	247568302	A	G
1	rs12134304	1_247568884_A_G	247568884	G	A
1	rs61838754	1_247569321_C_T	247569321	C	T
1	rs61838755	1_247569423_G_T	247569423	T	G
1	rs35836583	1_247569441_C_T	247569441	T	C
1	rs61838756	1_247569562_A_G	247569562	G	A
1	rs61838757	1_247569564_C_T	247569564	C	T
1	rs61838758	1_247569565_A_G	247569565	A	G
1	rs186122086	1_247569585_A_G	247569585	A	G
1	rs141755348	1_247569597_G_T	247569597	G	T
1	rs67746085	1_247569623_C_T	247569623	C	T
1	rs72771980	1_247569646_C_T	247569646	C	T
1	rs114782734	1_247569710_C_T	247569710	C	T
1	rs115329070	1_247569711_A_G	247569711	A	G
1	rs114160629	1_247569718_A_G	247569718	A	G
1	rs72771982	1_247569728_C_T	247569728	T	C
1	rs61841162	1_247569754_C_T	247569754	T	C
1	rs35009195	1_247569839_A_G	247569839	A	G
1	rs35020138	1_247570221_C_T	247570221	T	C
1	rs72771983	1_247570227_C_T	247570227	C	T
1	rs72771984	1_247570352_C_T	247570352	T	C
1	rs72771985	1_247570566_A_G	247570566	A	G
1	rs56223849	1_247570819_C_T	247570819	C	T
1	rs55689297	1_247570951_C_T	247570951	C	T
1	rs56382475	1_247571138_G_T	247571138	T	G
1	rs55746162	1_247571428_A_G	247571428	A	G
1	rs955328	1_247571674_C_T	247571674	T	C
1	rs72771987	1_247572032_A_G	247572032	A	G
1	rs72771988	1_247572147_A_G	247572147	A	G
1	rs60841749	1_247572169_A_G	247572169	A	G
1	rs147526823	1_247572365_A_C	247572365	C	A
1	rs72771989	1_247572368_A_G	247572368	A	G
1	rs10802496	1_247572528_A_T	247572528	T	A
1	rs12145110	1_247572573_A_C	247572573	A	C
1	rs10925012	1_247572628_C_T	247572628	T	C
1	rs12145822	1_247572656_C_T	247572656	T	C
1	rs72771990	1_247573223_A_G	247573223	A	G
1	rs13373820	1_247573784_C_G	247573784	G	C
1	rs76135724	1_247574078_A_G	247574078	A	G
1	rs72771991	1_247574100_G_T	247574100	T	G
1	rs12139508	1_247574117_A_G	247574117	G	A
1	rs56033379	1_247574877_C_T	247574877	T	C
1	rs59536060	1_247574963_A_C	247574963	C	A
1	rs57828761	1_247574984_C_T	247574984	T	C
1	rs57544273	1_247575114_C_T	247575114	T	C
1	rs56847144	1_247575261_C_T	247575261	T	C
1	rs7528887	1_247575636_G_T	247575636	T	G
1	rs7529058	1_247575768_A_G	247575768	A	G
1	rs76601165	1_247577047_C_T	247577047	T	C
1	rs10925013	1_247577079_C_T	247577079	C	T
1	rs10925014	1_247577811_A_G	247577811	A	G
1	rs11811863	1_247577856_C_T	247577856	T	C
1	rs10157638	1_247577966_G_T	247577966	G	T
1	rs2027432	1_247578441_A_G	247578441	A	G
1	rs3738448	1_247579435_G_T	247579435	T	G
1	rs72553859	1_247579710_C_G	247579710	G	C
1	rs72553860	1_247579749_A_G	247579749	G	A
1	rs12079994	1_247579908_A_G	247579908	A	G
1	rs4925648	1_247580568_C_T	247580568	T	C
1	rs72553861	1_247580810_C_T	247580810	C	T
1	rs12137901	1_247581209_C_T	247581209	C	T
1	rs72771992	1_247581542_G_T	247581542	G	T
1	rs138900557	1_247581872_A_G	247581872	A	G
1	rs73136263	1_247582063_G_T	247582063	T	G
1	rs146216440	1_247582619_C_G	247582619	C	G
1	rs57801316	1_247582756_C_T	247582756	T	C
1	rs12139843	1_247582826_A_T	247582826	A	T
1	rs79796552	1_247583010_A_G	247583010	G	A
1	rs36008445	1_247583125_C_G	247583125	C	G
1	rs7512998	1_247583221_C_T	247583221	C	T
1	rs7537426	1_247583452_A_G	247583452	A	G
1	rs10925015	1_247583677_C_G	247583677	C	G
1	rs4925650	1_247584075_A_G	247584075	A	G
1	rs12048215	1_247584591_A_G	247584591	G	A
1	rs12044934	1_247584598_G_T	247584598	G	T
1	rs10754555	1_247584643_C_G	247584643	G	C
1	rs947181	1_247585213_A_G	247585213	G	A
1	rs10802497	1_247585244_C_T	247585244	C	T
1	rs12042182	1_247585602_A_G	247585602	A	G
1	rs870381	1_247585661_A_G	247585661	G	A
1	rs145793275	1_247585934_A_G	247585934	G	A
1	rs12403988	1_247586186_C_T	247586186	T	C
1	rs3806265	1_247586336_C_T	247586336	C	T
1	rs4925651	1_247586920_G_T	247586920	T	G
1	rs3806266	1_247587065_A_G	247587065	A	G
1	rs7525979	1_247587408_C_T	247587408	T	C
1	rs3806268	1_247587477_A_G	247587477	A	G
1	rs4925543	1_247587531_A_G	247587531	A	G
1	rs34298354	1_247588053_C_T	247588053	T	C
1	rs35829419	1_247588858_A_C	247588858	A	C
1	rs3738447	1_247588960_A_G	247588960	A	G
1	rs72771993	1_247589571_C_T	247589571	T	C
1	rs79086538	1_247589795_C_T	247589795	C	T
1	rs35433972	1_247590103_C_T	247590103	T	C
1	rs72771994	1_247590327_A_G	247590327	A	G
1	rs74154638	1_247590493_C_G	247590493	G	C
1	rs7535360	1_247590801_C_T	247590801	C	T
1	rs187001840	1_247591473_C_T	247591473	C	T
1	rs76743559	1_247591691_A_G	247591691	G	A
1	rs115274623	1_247592015_A_G	247592015	A	G
1	rs12728998	1_247592175_C_T	247592175	T	C
1	rs7524914	1_247592192_C_T	247592192	C	T
1	rs12125234	1_247592470_C_G	247592470	G	C
1	rs12060377	1_247593142_A_G	247593142	G	A
1	rs6673762	1_247593420_C_T	247593420	T	C
1	rs6699944	1_247593562_A_G	247593562	A	G
1	rs72771995	1_247593714_C_G	247593714	C	G
1	rs72771996	1_247593978_A_G	247593978	A	G
1	rs61841184	1_247594159_A_C	247594159	A	C
1	rs189866429	1_247594416_A_G	247594416	A	G
1	rs147219646	1_247594440_C_T	247594440	T	C
1	rs547689900;rs12062001	1_247594514_A_T	247594514	T	A
1	rs79490472	1_247594556_C_T	247594556	T	C
1	rs10925017	1_247594776_A_G	247594776	A	G
1	rs12128192	1_247594871_C_T	247594871	T	C
1	rs12564791	1_247594890_C_T	247594890	T	C
1	rs10925018	1_247595431_C_T	247595431	T	C
1	rs10925019	1_247595850_C_T	247595850	T	C
1	rs4925654	1_247596057_A_G	247596057	A	G
1	rs7514428	1_247596317_C_G	247596317	G	C
1	rs78148018	1_247596321_A_G	247596321	G	A
1	rs76351926	1_247596386_A_G	247596386	A	G
1	rs7516771	1_247596527_A_G	247596527	G	A
1	rs28556841	1_247596750_A_G	247596750	A	G
1	rs68078384	1_247596824_A_C	247596824	C	A
1	rs74154640	1_247596860_A_C	247596860	A	C
1	rs61841185	1_247596954_A_G	247596954	A	G
1	rs189440683	1_247597050_A_G	247597050	G	A
1	rs181487854	1_247597054_C_T	247597054	T	C
1	rs79881253	1_247597149_G_T	247597149	G	T
1	rs147775898	1_247597229_C_T	247597229	T	C
1	rs79053406	1_247597264_C_T	247597264	T	C
1	rs77795397	1_247597276_A_G	247597276	G	A
1	rs12124866	1_247597329_C_T	247597329	C	T
1	rs10925022;rs539490854	1_247597365_A_G	247597365	G	A
1	rs72771997	1_247597629_C_T	247597629	T	C
1	rs10925023	1_247598051_G_T	247598051	T	G
1	rs74460651	1_247598111_C_T	247598111	T	C
1	rs147786095	1_247598415_A_G	247598415	G	A
1	rs57798344	1_247598484_A_G	247598484	A	G
1	rs10754556	1_247598516_C_T	247598516	T	C
1	rs10925024	1_247599025_C_T	247599025	T	C
1	rs4612666	1_247599070_C_T	247599070	T	C
1	rs10754557	1_247599232_A_G	247599232	A	G
1	rs1539019	1_247600301_A_C	247600301	A	C
1	rs72772001	1_247600353_C_T	247600353	T	C
1	rs61841187	1_247600791_C_T	247600791	C	T
1	rs10925025	1_247601160_A_G	247601160	A	G
1	rs12143966	1_247601357_A_G	247601357	A	G
1	rs12239046	1_247601595_C_T	247601595	T	C
1	rs113705187	1_247601749_A_C	247601749	C	A
1	rs58546652	1_247601778_C_T	247601778	C	T
1	rs56015600	1_247601886_A_G	247601886	A	G
1	rs114193355	1_247601965_C_T	247601965	T	C
1	rs78810089	1_247602201_A_G	247602201	G	A
1	rs67090117	1_247602308_G_T	247602308	G	T
1	rs4925546	1_247602968_A_G	247602968	A	G
1	rs4925659	1_247603463_A_G	247603463	A	G
1	rs79348670	1_247603584_C_T	247603584	T	C
1	rs36021952	1_247603905_A_G	247603905	A	G
1	rs10925026	1_247604258_A_C	247604258	C	A
1	rs74154644	1_247605127_C_T	247605127	T	C
1	rs58287798	1_247605221_A_G	247605221	A	G
1	rs79209520	1_247605501_C_T	247605501	C	T
1	rs10157379	1_247605599_C_T	247605599	C	T
1	rs74815978	1_247605604_A_G	247605604	G	A
1	rs56188865	1_247606276_C_T	247606276	C	T
1	rs4925661	1_247606739_A_G	247606739	A	G
1	rs56083970	1_247607030_C_G	247607030	C	G
1	rs10159239	1_247607052_A_G	247607052	G	A
1	rs12130711	1_247607642_C_T	247607642	T	C
1	rs45624634	1_247608167_A_C	247608167	A	C
1	rs12119956	1_247608519_G_T	247608519	G	T
1	rs57689759	1_247608628_A_G	247608628	G	A
1	rs59882373	1_247608651_C_T	247608651	C	T
1	rs61295168	1_247608660_A_G	247608660	G	A
1	rs60641335	1_247608777_C_G	247608777	G	C
1	rs6659500	1_247608797_C_T	247608797	T	C
1	rs12131812	1_247608910_C_T	247608910	T	C
1	rs12565738	1_247609328_C_T	247609328	T	C
1	rs56214009	1_247609648_A_G	247609648	A	G
1	rs55977159	1_247610136_C_T	247610136	C	T
1	rs56383829	1_247610411_C_T	247610411	T	C
1	rs146357284	1_247610829_G_T	247610829	T	G
1	rs75109973	1_247611123_A_G	247611123	G	A
1	rs11577509	1_247611459_A_G	247611459	A	G
1	rs11577510	1_247611460_C_G	247611460	C	G
1	rs112819557	1_247611514_C_T	247611514	C	T
1	rs10754558	1_247612036_C_G	247612036	G	C
1	rs10802501	1_247612202_A_T	247612202	A	T
1	rs10802502	1_247612295_C_T	247612295	T	C
1	rs4925547	1_247612435_A_T	247612435	T	A
1	rs10925027	1_247612562_C_T	247612562	T	C
1	rs78841190	1_247612596_A_G	247612596	A	G
1	rs10925028	1_247613020_C_T	247613020	C	T
1	rs10754559	1_247613321_C_T	247613321	C	T
1	rs10733111	1_247613348_A_T	247613348	A	T
1	rs10802503	1_247613436_C_T	247613436	C	T
1	rs7556415	1_247613446_C_T	247613446	C	T
1	rs6426248	1_247613478_C_T	247613478	T	C
1	rs112221687	1_247613501_A_G	247613501	A	G
1	rs12040185	1_247613502_A_C	247613502	A	C
1	rs12407904	1_247613539_C_T	247613539	T	C
1	rs12029903	1_247613544_C_T	247613544	C	T
1	rs12405421	1_247613568_A_G	247613568	G	A
1	rs10802504	1_247613630_C_T	247613630	T	C
1	rs10733112	1_247613888_C_T	247613888	C	T
1	rs12075565	1_247614194_A_G	247614194	G	A
1	rs12070953	1_247614386_C_T	247614386	C	T
1	rs12065526	1_247614407_A_G	247614407	A	G
1	rs12086048	1_247614553_C_T	247614553	T	C
1	rs4925663	1_247614617_C_T	247614617	T	C
1	rs11583410	1_247614896_A_C	247614896	C	A
1	rs12028142	1_247615252_A_G	247615252	A	G
1	rs55889481	1_247615340_C_T	247615340	T	C
1	rs10925030	1_247615358_C_G	247615358	G	C
1	rs4269805	1_247615470_C_T	247615470	T	C
1	rs6673459	1_247615512_G_T	247615512	T	G
1	rs6698597	1_247615595_C_T	247615595	T	C
1	rs4301663	1_247615669_A_G	247615669	A	G
1	rs10802505	1_247615780_A_G	247615780	A	G
1	rs11802680	1_247615784_A_G	247615784	A	G
1	rs6665526	1_247615887_C_T	247615887	T	C
1	rs10925031	1_247616043_A_G	247616043	G	A
1	rs6674091	1_247616100_C_G	247616100	G	C
1	rs12406394	1_247616181_A_T	247616181	T	A
1	rs4362022	1_247616319_C_T	247616319	C	T
1	rs4372298	1_247616446_A_G	247616446	A	G
1	rs10925032	1_247616579_A_G	247616579	G	A
1	rs4333884	1_247616723_C_T	247616723	T	C
1	rs4593864	1_247616733_A_G	247616733	G	A
1	rs4518943	1_247616766_C_T	247616766	T	C
1	rs4436424	1_247616802_C_T	247616802	C	T
1	rs55903505	1_247616839_C_T	247616839	T	C
1	rs4353135	1_247617036_G_T	247617036	G	T
1	rs56310736	1_247617086_C_T	247617086	C	T
1	rs4266924	1_247617134_A_G	247617134	G	A
1	rs10802506	1_247617376_G_T	247617376	T	G
1	rs6677999	1_247617397_C_G	247617397	G	C
1	rs67745645	1_247617509_A_G	247617509	A	G
1	rs6669625	1_247617733_A_G	247617733	A	G
1	rs10802507	1_247617751_C_T	247617751	C	T
1	rs10802508	1_247617755_A_G	247617755	A	G
1	rs66711223	1_247617829_C_T	247617829	T	C
1	rs185509913	1_247617913_A_C	247617913	A	C
1	rs12745508	1_247617979_A_G	247617979	G	A
1	rs12135709	1_247618071_C_G	247618071	C	G
1	rs12124827	1_247618136_C_T	247618136	T	C
1	rs10925033	1_247618239_A_G	247618239	G	A
1	rs10925034	1_247618269_A_G	247618269	A	G
1	rs10925035	1_247618277_A_G	247618277	G	A
1	rs6672845	1_247618445_C_T	247618445	T	C
1	rs10925036	1_247618631_G_T	247618631	G	T
1	rs111342586	1_247618684_A_G	247618684	A	G
1	rs9700400	1_247618743_A_G	247618743	G	A
1	rs145354806	1_247618751_C_T	247618751	T	C
1	rs72655369	1_247618898_C_T	247618898	T	C
1	rs10925038	1_247619018_G_T	247619018	G	T
1	rs9988617	1_247619046_A_G	247619046	A	G
1	rs9988501	1_247619116_C_T	247619116	C	T
1	rs9287213	1_247619127_A_G	247619127	A	G
1	rs9988571	1_247619155_C_T	247619155	T	C
1	rs9988620	1_247619191_A_C	247619191	A	C
1	rs72655371	1_247619261_C_T	247619261	C	T
1	rs9988621	1_247619280_A_G	247619280	A	G
1	rs9988572	1_247619310_C_T	247619310	T	C
1	rs72655372	1_247619342_C_T	247619342	T	C
1	rs72655373	1_247619438_A_G	247619438	A	G
1	rs72655374	1_247619507_A_C	247619507	A	C
1	rs72655375	1_247619513_C_T	247619513	T	C
1	rs4925664	1_247619987_C_T	247619987	C	T
1	rs4925666	1_247620256_G_T	247620256	T	G
1	rs55646866	1_247620385_C_T	247620385	T	C
1	rs4925667	1_247620654_C_T	247620654	T	C
1	rs10732301	1_247620834_A_G	247620834	A	G
1	rs72655376	1_247620839_C_T	247620839	T	C
1	rs6672995	1_247621033_A_G	247621033	A	G
1	rs4925669	1_247621323_A_G	247621323	G	A
1	rs56359205	1_247621622_C_T	247621622	T	C
1	rs72655377	1_247622152_C_T	247622152	T	C
1	rs138198361	1_247622195_C_T	247622195	C	T
1	rs10732302	1_247622228_A_G	247622228	A	G
1	rs80082884	1_247622257_G_T	247622257	T	G
1	rs55775744	1_247622279_G_T	247622279	G	T
1	rs10737807	1_247622318_A_G	247622318	G	A
1	rs10733113	1_247622357_A_G	247622357	A	G
1	rs10925039	1_247622561_C_T	247622561	T	C
1	rs12129219	1_247622621_C_T	247622621	C	T
1	rs10925040	1_247622698_C_T	247622698	T	C
1	rs10925041	1_247622708_C_G	247622708	G	C
1	rs10754561	1_247622800_C_T	247622800	C	T
1	rs4925671	1_247622874_C_T	247622874	T	C
1	rs10737808	1_247622940_A_G	247622940	G	A
1	rs12080860	1_247623053_A_G	247623053	G	A
1	rs12091081	1_247623064_C_T	247623064	T	C
1	rs60311891	1_247623127_C_T	247623127	T	C
1	rs60444724	1_247623164_G_T	247623164	G	T
1	rs79405161	1_247623233_C_G	247623233	G	C
1	rs59221609	1_247623269_C_T	247623269	C	T
1	rs113092282	1_247623293_A_G	247623293	G	A
1	rs182684544	1_247623315_C_T	247623315	T	C
1	rs111853262	1_247623324_A_G	247623324	G	A
1	rs113828398	1_247623387_C_T	247623387	T	C
1	rs74628129	1_247623436_G_T	247623436	T	G
1	rs12030899	1_247623446_A_G	247623446	A	G
1	rs12031694	1_247623653_A_G	247623653	A	G
1	rs12031721	1_247623773_A_G	247623773	A	G
1	rs12038656	1_247623816_A_G	247623816	G	A
1	rs4604732	1_247623872_C_T	247623872	C	T
1	rs12045675	1_247623915_A_C	247623915	A	C
1	rs12045700	1_247623974_C_T	247623974	T	C
1	rs113323494	1_247623999_C_T	247623999	C	T
1	rs112278534	1_247624072_A_C	247624072	A	C
1	rs112872531	1_247624093_A_G	247624093	G	A
1	rs112992466	1_247624139_G_T	247624139	T	G
1	rs113405141	1_247624156_A_G	247624156	A	G
1	rs113096490	1_247624173_A_G	247624173	A	G
1	rs112449432	1_247624180_C_T	247624180	C	T
1	rs10925042	1_247624194_A_C	247624194	C	A
1	rs12038793	1_247624262_A_G	247624262	G	A
1	rs12031949	1_247624463_G_T	247624463	T	G
1	rs12038880	1_247624603_A_G	247624603	G	A
1	rs1106721	1_247624676_A_C	247624676	C	A
1	rs1106720	1_247624681_C_T	247624681	C	T
1	rs1106719	1_247624713_A_G	247624713	A	G
1	rs12039596	1_247624766_A_G	247624766	G	A
1	rs12036417	1_247624805_C_T	247624805	C	T
1	rs12039642	1_247624898_A_G	247624898	G	A
1	rs6663238	1_247624971_C_T	247624971	C	T
1	rs77469014	1_247625110_C_T	247625110	C	T
1	rs77123003	1_247625112_A_G	247625112	G	A
1	rs111928142	1_247625229_G_T	247625229	T	G
1	rs113132786	1_247625284_C_T	247625284	T	C
1	rs113793933	1_247625302_A_G	247625302	A	G
1	rs181993371	1_247625324_A_G	247625324	A	G
1	rs185836987	1_247625325_A_C	247625325	C	A
1	rs75944070	1_247625343_C_T	247625343	T	C
1	rs75600450	1_247625492_C_T	247625492	T	C
1	rs74154672	1_247625625_C_G	247625625	G	C
1	rs74154673	1_247625629_A_G	247625629	A	G
1	rs74154674	1_247625685_C_T	247625685	T	C
1	rs11490198	1_247625703_A_G	247625703	G	A
1	rs11490199	1_247625737_A_G	247625737	G	A
1	rs115956693	1_247625779_A_C	247625779	A	C
1	rs4990128	1_247625790_C_T	247625790	C	T
1	rs74154675	1_247625836_A_G	247625836	A	G
1	rs74154676	1_247625894_C_T	247625894	C	T
1	rs11490200	1_247625915_G_T	247625915	T	G
1	rs56704806	1_247626148_C_T	247626148	C	T
1	rs74154678	1_247626202_A_T	247626202	T	A
1	rs11490201	1_247626262_A_G	247626262	G	A
1	rs78689516	1_247626274_C_T	247626274	T	C
1	rs76761880	1_247626377_A_T	247626377	A	T
1	rs78019731	1_247626430_C_T	247626430	T	C
1	rs77361748	1_247626475_C_T	247626475	T	C
1	rs79329288	1_247626513_C_T	247626513	C	T
1	rs28713216	1_247626574_C_T	247626574	T	C
1	rs79203328	1_247626581_C_G	247626581	G	C
1	rs28392776	1_247626650_A_G	247626650	A	G
1	rs77085665	1_247626675_G_T	247626675	T	G
1	rs75320597	1_247626751_G_T	247626751	G	T
1	rs35046441	1_247626812_A_G	247626812	A	G
1	rs80319072	1_247626835_A_G	247626835	A	G
1	rs34330532	1_247626844_C_G	247626844	C	G
1	rs34924545	1_247626892_G_T	247626892	T	G
1	rs34443739	1_247626913_A_G	247626913	G	A
1	rs12036460	1_247626928_A_G	247626928	G	A
1	rs10925043	1_247627001_A_G	247627001	A	G
1	rs10925044	1_247627071_A_G	247627071	G	A
1	rs10802509	1_247627158_C_T	247627158	T	C
1	rs7546720	1_247627229_A_G	247627229	A	G
1	rs7546805	1_247627259_A_G	247627259	A	G
1	rs7539082	1_247627260_C_T	247627260	C	T
1	rs12128790	1_247627302_C_T	247627302	C	T
1	rs7525209	1_247627404_C_T	247627404	T	C
1	rs35929827	1_247627802_C_T	247627802	C	T
1	rs7549495	1_247627806_A_G	247627806	A	G
1	rs7528219	1_247628307_C_T	247628307	T	C
1	rs7549955	1_247628321_A_G	247628321	A	G
1	rs10802510	1_247628509_C_T	247628509	T	C
1	rs7552443	1_247628583_G_T	247628583	T	G
1	rs7552461	1_247628644_A_G	247628644	A	G
1	rs12045306	1_247628739_C_T	247628739	T	C
1	rs12035036	1_247628745_C_T	247628745	C	T
1	rs12568206	1_247628943_C_T	247628943	T	C
1	rs6700719	1_247629205_A_G	247629205	G	A
1	rs78525930	1_247629257_C_T	247629257	C	T
1	rs12092277	1_247629409_A_C	247629409	A	C
1	rs6677477	1_247629411_C_T	247629411	T	C
1	rs6680094	1_247629626_C_T	247629626	T	C
1	rs6692507	1_247629631_A_C	247629631	C	A
1	rs12093446	1_247629637_A_C	247629637	A	C
1	rs12083285	1_247629795_A_G	247629795	G	A
1	rs9943231	1_247629829_C_T	247629829	T	C
1	rs67301278	1_247630496_C_T	247630496	T	C
1	rs12037221	1_247631212_C_T	247631212	C	T
1	rs113258188	1_247631491_G_T	247631491	T	G
1	rs76438493	1_247631577_G_T	247631577	G	T
1	rs12080212	1_247631606_C_T	247631606	C	T
1	rs12074913	1_247631607_G_T	247631607	T	G
1	rs4925551	1_247631724_A_T	247631724	A	T
1	rs4925552	1_247631749_A_C	247631749	A	C
1	rs4436425	1_247632323_C_T	247632323	C	T
1	rs4411161	1_247632374_A_G	247632374	A	G
1	rs4356092	1_247632668_A_G	247632668	A	G
1	rs4387214	1_247632790_C_T	247632790	T	C
1	rs142692707	1_247632872_C_T	247632872	C	T
1	rs181259699	1_247632875_G_T	247632875	T	G
1	rs144775737	1_247632915_C_T	247632915	C	T
1	rs10754562	1_247633025_A_G	247633025	G	A
1	rs10737809	1_247633102_A_G	247633102	A	G
1	rs113586596	1_247633409_C_T	247633409	T	C
1	rs10802511	1_247633437_A_G	247633437	A	G
1	rs12411244	1_247633467_C_T	247633467	T	C
1	rs10802512	1_247633730_G_T	247633730	T	G
1	rs10802513	1_247633919_C_T	247633919	T	C
1	rs10925045	1_247634142_A_G	247634142	A	G
1	rs112831415	1_247634556_A_G	247634556	G	A
1	rs12409340	1_247634806_A_G	247634806	G	A
1	rs4489599	1_247635213_C_T	247635213	C	T
1	rs4634945	1_247636015_A_C	247636015	C	A
1	rs4400652	1_247636479_A_G	247636479	G	A
1	rs4472786	1_247636518_A_G	247636518	A	G
1	rs4433437	1_247636580_A_T	247636580	T	A
1	rs4925673	1_247636800_C_T	247636800	C	T
1	rs4925674	1_247636906_C_T	247636906	T	C
1	rs12726645	1_247637342_A_G	247637342	A	G
1	rs10925046	1_247637373_C_T	247637373	C	T
1	rs117775558	1_247637458_C_T	247637458	T	C
1	rs139152440	1_247637504_C_T	247637504	T	C
1	rs10802514	1_247637749_G_T	247637749	G	T
1	rs12070144	1_247638052_A_G	247638052	A	G
1	rs74227706	1_247638315_A_C	247638315	C	A
1	rs78248888	1_247638482_C_T	247638482	T	C
1	rs78486847	1_247638515_C_T	247638515	T	C
1	rs12075566	1_247638593_G_T	247638593	G	T
1	rs4266925	1_247639165_C_T	247639165	C	T
1	rs6426250	1_247639233_A_C	247639233	C	A
1	rs4546958	1_247639478_C_G	247639478	C	G
1	rs6426252	1_247639887_G_T	247639887	T	G
1	rs7515859	1_247640057_A_G	247640057	G	A
1	rs7549312	1_247640078_C_G	247640078	G	C
1	rs10925047	1_247640143_A_C	247640143	C	A
1	rs10925048	1_247640736_C_T	247640736	C	T
1	rs12410400	1_247640984_C_T	247640984	T	C
1	rs10925049	1_247641700_C_T	247641700	C	T
1	rs10925050	1_247641701_C_T	247641701	C	T
1	rs10925051	1_247641834_C_T	247641834	T	C
1	rs12144524	1_247641835_C_T	247641835	T	C
1	rs10925052	1_247641903_C_T	247641903	T	C
1	rs35225860	1_247642270_A_G	247642270	A	G
1	rs79424330	1_247642301_A_C	247642301	A	C
1	rs78753758	1_247642424_A_G	247642424	A	G
1	rs12049066	1_247642655_C_T	247642655	T	C
1	rs7518428	1_247642773_A_G	247642773	A	G
1	rs12745203	1_247643708_C_T	247643708	C	T
1	rs12040725	1_247644697_A_T	247644697	A	T
1	rs112912262	1_247645170_A_G	247645170	G	A
1	rs10925053	1_247645397_G_T	247645397	T	G
1	rs151252972	1_247645784_C_T	247645784	T	C
1	rs10925054	1_247646423_A_T	247646423	T	A
1	rs79724455	1_247646957_C_T	247646957	C	T
1	rs10925055	1_247647151_C_T	247647151	T	C
1	rs10159206	1_247647207_C_T	247647207	T	C
1	rs34581804	1_247647726_A_G	247647726	G	A
1	rs7512601	1_247647793_C_T	247647793	C	T
1	rs10802515	1_247647970_A_G	247647970	A	G
1	rs77636256	1_247648553_C_T	247648553	C	T
1	rs77059530	1_247648916_A_G	247648916	A	G
1	rs12131692	1_247649198_G_T	247649198	T	G
1	rs61837623	1_247649604_A_G	247649604	G	A
1	rs12058821	1_247649651_A_C	247649651	A	C
1	rs10925056	1_247650472_C_T	247650472	C	T
1	rs10925057	1_247650919_C_T	247650919	T	C
1	rs10925060	1_247651140_C_T	247651140	T	C
1	rs61184655	1_247651342_C_T	247651342	C	T
1	rs11577815	1_247652126_C_T	247652126	T	C
1	rs11587507	1_247652371_C_T	247652371	C	T
1	rs10754563	1_247652603_G_T	247652603	T	G
1	rs12092941	1_247652621_A_G	247652621	G	A
1	rs114978053	1_247653011_G_T	247653011	G	T
1	rs10802516	1_247653412_C_T	247653412	T	C
1	rs61070846	1_247654498_A_G	247654498	A	G
1	rs10925061	1_247654993_C_T	247654993	C	T
1	rs143904230	1_247655102_A_G	247655102	A	G
1	rs12141850	1_247655275_C_T	247655275	C	T
1	rs12123109	1_247655516_C_T	247655516	T	C
1	rs61838187	1_247655729_C_T	247655729	T	C
1	rs78244075	1_247656227_C_G	247656227	C	G
1	rs117105427	1_247656759_A_C	247656759	C	A
1	rs4925675	1_247656982_A_C	247656982	C	A
1	rs113208860	1_247657520_C_T	247657520	C	T
1	rs11577737	1_247657548_C_T	247657548	T	C
1	rs10925062	1_247658978_C_G	247658978	C	G
1	rs4925555	1_247659261_A_G	247659261	G	A
1	rs12090434	1_247659286_C_T	247659286	C	T
1	rs4925556	1_247659293_C_T	247659293	T	C
1	rs4925557	1_247659294_A_G	247659294	G	A
1	rs72773758	1_247660504_A_G	247660504	G	A
1	rs111605357	1_247661884_C_T	247661884	T	C
1	rs12739147	1_247664446_A_G	247664446	A	G
1	rs12145791	1_247664487_G_T	247664487	G	T
1	rs12093608	1_247664773_A_G	247664773	A	G
1	rs12062713	1_247664774_A_T	247664774	T	A
1	rs10925064	1_247665340_G_T	247665340	T	G
1	rs6697780	1_247665999_C_T	247665999	T	C
1	rs4472787	1_247666165_A_G	247666165	G	A
1	rs4456131	1_247666181_A_T	247666181	T	A
1	rs12725470	1_247666889_A_C	247666889	A	C
1	rs12745862	1_247666977_C_T	247666977	C	T
1	rs77944413	1_247667368_G_T	247667368	G	T
1	rs4551631	1_247667663_C_T	247667663	C	T
1	rs4925676	1_247668042_C_T	247668042	T	C
1	rs80257886	1_247669907_C_T	247669907	C	T
1	rs10802517	1_247670889_C_T	247670889	C	T
1	rs12143521	1_247670900_A_G	247670900	A	G
1	rs12063840	1_247670957_A_G	247670957	G	A
1	rs139387012	1_247671173_C_T	247671173	T	C
1	rs141875879	1_247671465_C_T	247671465	T	C
1	rs182959682	1_247671560_A_G	247671560	G	A
1	rs7515219	1_247671792_G_T	247671792	G	T
1	rs114367188	1_247672195_G_T	247672195	G	T
1	rs113596940	1_247672322_C_T	247672322	C	T
1	rs139672510	1_247672372_C_T	247672372	C	T
1	rs112258590	1_247672521_C_T	247672521	T	C
1	rs12067025	1_247673330_A_T	247673330	T	A
1	rs113353497	1_247674014_A_G	247674014	A	G
1	rs113892207	1_247674140_C_T	247674140	C	T
1	rs6667471	1_247674392_G_T	247674392	T	G
1	rs112498392	1_247674634_A_G	247674634	A	G
1	rs12121802	1_247674795_C_T	247674795	C	T
1	rs2387038	1_247674919_A_G	247674919	A	G
1	rs149276529	1_247675192_A_G	247675192	A	G
1	rs7548506	1_247675302_C_T	247675302	T	C
1	rs10802519	1_247675472_C_G	247675472	G	C
1	rs7550918	1_247675559_C_T	247675559	C	T
1	rs7517464	1_247675641_A_C	247675641	A	C
1	rs10754566	1_247676865_A_G	247676865	G	A
1	rs1919858	1_247677940_A_C	247677940	C	A
1	rs1852908	1_247678260_C_T	247678260	T	C
1	rs11590907	1_247678492_A_G	247678492	A	G
1	rs55802735	1_247678955_C_T	247678955	T	C
1	rs2037873	1_247679258_C_T	247679258	T	C
1	rs72773769	1_247679630_C_T	247679630	T	C
1	rs11580591	1_247680293_A_C	247680293	C	A
1	rs116604251	1_247680467_A_G	247680467	A	G
1	rs10925069	1_247681313_C_T	247681313	C	T
1	rs6700954	1_247681687_C_T	247681687	C	T
1	rs7530722	1_247682206_A_G	247682206	A	G
1	rs12119928	1_247682337_A_G	247682337	A	G
1	rs1881794	1_247682920_C_G	247682920	G	C
1	rs68059491	1_247683070_C_T	247683070	T	C
1	rs2892202	1_247683125_G_T	247683125	T	G
1	rs12727848	1_247683344_G_T	247683344	G	T
1	rs113624711	1_247683467_C_T	247683467	T	C
1	rs55833777	1_247683779_A_G	247683779	G	A
1	rs12751242	1_247684273_C_T	247684273	T	C
1	rs72773774	1_247684595_C_T	247684595	C	T
1	rs10925070	1_247684607_C_T	247684607	T	C
1	rs141144634	1_247684668_A_G	247684668	A	G
1	rs6675591	1_247685125_A_G	247685125	A	G
1	rs4925679	1_247685327_A_G	247685327	G	A
1	rs185987778	1_247685440_A_G	247685440	A	G
1	rs4925680	1_247685473_C_T	247685473	C	T
1	rs186072663	1_247685532_C_T	247685532	T	C
1	rs71533502	1_247685583_C_T	247685583	T	C
1	rs192600317	1_247685612_A_G	247685612	A	G
1	rs182979477	1_247685615_C_T	247685615	T	C
1	rs150001658	1_247685724_C_T	247685724	T	C
1	rs74200106	1_247685757_C_T	247685757	T	C
1	rs10157017	1_247685914_A_C	247685914	A	C
1	rs10158355	1_247685990_C_G	247685990	G	C
1	rs12131528	1_247686237_A_C	247686237	C	A
1	rs10158379	1_247686352_A_C	247686352	A	C
1	rs10802520	1_247686454_C_T	247686454	T	C
1	rs10925071	1_247686521_C_T	247686521	C	T
1	rs11583926	1_247686527_A_G	247686527	A	G
1	rs12081895	1_247686666_C_G	247686666	G	C
1	rs12061460	1_247686787_A_G	247686787	A	G
1	rs12071797	1_247686871_A_G	247686871	G	A
1	rs78398999	1_247686970_A_G	247686970	A	G
1	rs67977965	1_247687835_A_G	247687835	A	G
1	rs66845073	1_247688010_C_T	247688010	T	C
1	rs7527856	1_247688139_C_T	247688139	T	C
1	rs12063141	1_247688343_A_G	247688343	A	G
1	rs1881796	1_247688931_A_G	247688931	A	G
1	rs138836031	1_247689153_A_C	247689153	C	A
1	rs1881797	1_247689532_C_T	247689532	C	T
1	rs41305741	1_247689543_A_G	247689543	G	A
1	rs2141543	1_247690320_C_T	247690320	T	C
1	rs12404733	1_247690417_G_T	247690417	G	T
1	rs2141544	1_247690800_C_T	247690800	C	T
1	rs12408686	1_247691141_C_T	247691141	T	C
1	rs12760515	1_247691300_C_G	247691300	G	C
1	rs6692111	1_247691692_A_G	247691692	G	A
1	rs72773786	1_247692107_A_G	247692107	G	A
1	rs1573250	1_247692489_C_G	247692489	G	C
1	rs10925072	1_247692951_A_G	247692951	A	G
1	rs12691534	1_247692979_A_C	247692979	C	A
1	rs138927295	1_247694142_A_C	247694142	C	A
1	rs4925558	1_247694370_C_G	247694370	C	G
1	rs6678867	1_247694550_C_G	247694550	C	G
1	rs78512685	1_247694688_A_G	247694688	G	A
1	rs6702693	1_247694949_C_G	247694949	C	G
1	rs6702695	1_247694958_A_G	247694958	A	G
1	rs34220133	1_247695427_C_G	247695427	G	C
1	rs10802521	1_247696047_A_G	247696047	G	A
1	rs11582603	1_247696122_A_G	247696122	A	G
1	rs61838222	1_247696439_A_G	247696439	G	A
1	rs12567576	1_247696677_C_G	247696677	G	C
1	rs6698827	1_247697330_A_G	247697330	G	A
1	rs12036349	1_247697447_A_G	247697447	G	A
1	rs12029308	1_247697508_A_G	247697508	A	G
1	rs12029330	1_247697584_C_G	247697584	C	G
1	rs6426254	1_247697624_C_T	247697624	T	C
1	rs6426255	1_247697724_A_G	247697724	A	G
1	rs2892240	1_247698164_C_T	247698164	T	C
1	rs61838223	1_247698283_G_T	247698283	T	G
1	rs6667757	1_247698782_A_G	247698782	A	G
1	rs116022280	1_247699511_A_G	247699511	A	G
1	rs7541196	1_247700591_A_G	247700591	A	G
1	rs1919857	1_247700795_C_T	247700795	T	C
1	rs1919856	1_247700906_A_G	247700906	G	A
1	rs149613445	1_247701153_G_T	247701153	T	G
1	rs10925073	1_247701607_C_T	247701607	T	C
1	rs2091620	1_247701814_A_C	247701814	A	C
1	rs2103336	1_247702118_C_T	247702118	T	C
1	rs10925075	1_247702678_A_G	247702678	A	G
1	rs10754567	1_247702690_A_G	247702690	A	G
1	rs10925076	1_247702886_A_G	247702886	A	G
1	rs6684510	1_247703437_A_G	247703437	G	A
1	rs6698437	1_247704002_A_G	247704002	A	G
1	rs10436934	1_247705060_C_T	247705060	C	T
1	rs10436935	1_247705074_A_G	247705074	A	G
1	rs61838224	1_247705251_A_G	247705251	G	A
1	rs77842923	1_247705953_C_T	247705953	C	T
1	rs10436936	1_247706152_A_G	247706152	A	G
1	rs10436937	1_247706210_A_G	247706210	A	G
1	rs10436938	1_247706354_A_G	247706354	A	G
1	rs72775707	1_247706550_A_G	247706550	G	A
1	rs11808063	1_247706856_A_G	247706856	G	A
1	rs143739026	1_247707588_C_T	247707588	T	C
1	rs112463761	1_247707705_A_C	247707705	A	C
1	rs12567244	1_247707936_A_G	247707936	G	A
1	rs12130716	1_247708542_A_G	247708542	A	G
1	rs12078217	1_247709215_A_G	247709215	A	G
1	rs2859932	1_247709282_A_C	247709282	A	C
1	rs112806062	1_247709762_A_G	247709762	A	G
1	rs12117566	1_247709801_C_T	247709801	T	C
1	rs12079488	1_247709920_C_G	247709920	G	C
1	rs36021812	1_247709942_C_T	247709942	T	C
1	rs144084866	1_247710172_A_G	247710172	A	G
1	rs12043735	1_247710236_A_T	247710236	T	A
1	rs12040548	1_247710285_G_T	247710285	G	T
1	rs1105488	1_247710624_C_T	247710624	T	C
1	rs12567154	1_247710825_C_T	247710825	C	T
1	rs1105489	1_247710867_A_G	247710867	A	G
1	rs7556466	1_247710950_A_G	247710950	A	G
1	rs75738890	1_247712105_A_C	247712105	A	C
1	rs41315846	1_247712303_C_T	247712303	T	C
1	rs17292702	1_247713356_C_T	247713356	T	C
1	rs55767407	1_247713606_C_T	247713606	C	T
1	rs116822129	1_247713661_C_T	247713661	C	T
1	rs114531887	1_247713666_A_G	247713666	G	A
1	rs189777364	1_247713819_A_G	247713819	G	A
1	rs144597972	1_247714214_G_T	247714214	T	G
1	rs60379847	1_247714423_A_G	247714423	A	G
1	rs4925559	1_247715687_A_G	247715687	G	A
1	rs4925560	1_247715706_G_T	247715706	G	T
1	rs6426257	1_247715998_A_G	247715998	A	G
1	rs6701164	1_247716809_C_T	247716809	T	C
1	rs55642653	1_247718257_A_G	247718257	A	G
1	rs73150460	1_247718474_A_G	247718474	G	A
1	rs79105104	1_247718906_C_T	247718906	T	C
1	rs3862182	1_247719377_C_T	247719377	C	T
1	rs56043070	1_247719769_A_G	247719769	A	G
1	rs57468293	1_247720135_C_T	247720135	T	C
1	rs78789435	1_247720514_A_C	247720514	A	C
1	rs73150469	1_247720599_A_T	247720599	A	T
1	rs79538332	1_247721789_A_G	247721789	A	G
1	rs76356576	1_247722023_C_G	247722023	C	G
